Variation,mean_total_time_spent
Control,346.5832745236415
Test,474.75810955961333
