process_step,mean_time_spent_test,mean_time_spent_control
confirm,129.36964647601891,129.95907279971024
start,151.6986657272447,174.74213401562824
step_1,37.76198053896121,43.186200765864335
step_2,48.22179900380897,38.84417153996101
step_3,97.61093891003256,94.17005644655497
